campaign_name,description
Ashford Scientific — Paid Search,
Ashford Scientific — LinkedIn Sponsored Content,
Caldwell Diagnostics — Paid Search,
Caldwell Diagnostics — LinkedIn ABM,
Caldwell Diagnostics — Content Syndication,
Northlake Bioinstruments — Paid Search,
Northlake Bioinstruments — LinkedIn Sponsored,
Fenwick Genomics — LinkedIn ABM,
Fenwick Genomics — Webinar Series,
Marlstone Bioscience — Paid Search,
Marlstone Bioscience — Programmatic Display,
Life Sciences OEM — Programmatic Display,
Life Sciences OEM — Paid Social,
Wrenfield Scientific — Paid Search,
Wrenfield Scientific — LinkedIn Sponsored,
Wrenfield Scientific — Email Nurture,
Diagnostics Roll-Up — Programmatic Audio,
Reagents Vertical — Content Syndication,
Instrumentation Roll-Up — LinkedIn ABM,
Corporate Brand Awareness — YouTube Preroll,
Genomics Vertical — Webinar Series,
Corporate Brand — Paid Search,
Corporate Brand — LinkedIn Follower Ads,
SLAS 2026 Trade Show Support — Programmatic Display,
Newsletter Sponsorships — Content Syndication,
