source_name,details
Analyst inquiry,
Conference — AACC 2025,
Conference — Bio-IT World,
Conference — MEDICA 2025,
Conference — SLAS 2025,
Content download — Case Study,
Content download — Whitepaper,
Existing client — expansion,
Inbound — Demo request,
Inbound — RFP,
LinkedIn — Sponsored Content,
Outbound — SDR sequence,
Product trial — Blog CTA,
Product trial — Free tier,
Product trial — Google Ad,
Product trial — Organic search,
Product trial — Referral link,
Product trial — Website,
Referral — Existing client,
Referral — Partner,
Trade publication — GEN,
Warm intro — Advisor,
Webinar — Diagnostics ROI,
Webinar — Q4 Genomics Series,
