opportunity_from,party_name,status,company,transaction_date,territory,opportunity_amount,campaign,title,opportunity_type,contact_person,contact_mobile,contact_email,probability,expected_closing,sales_stage,currency,customer_group,opportunity_owner,no_of_employees,annual_revenue,industry,market_segment
Customer,Thistlewood Biosystems,Converted,"Thornfield Life Sciences Marketing, Inc.",2025-01-14,,150000.0,,OPP-2025-0031 Thistlewood Biosystems,Sales,,,,100,2025-01-14,Closed Won,USD,,Rebecca Ostrowski,,,,
Customer,Halberd Genomics,Converted,"Thornfield Life Sciences Marketing, Inc.",2025-01-27,,80000.0,,OPP-2025-0038 Halberd Genomics,Sales,,,,100,2025-01-27,Closed Won,USD,,Kenji Watanabe,,,,
Customer,Cormorant Bio,Converted,"Thornfield Life Sciences Marketing, Inc.",2025-02-10,,55000.0,,OPP-2025-0045 Cormorant Bio,Sales,,,,100,2025-02-10,Closed Won,USD,,Marcus Delacroix,,,,
Customer,Vesalius Labs,Converted,"Thornfield Life Sciences Marketing, Inc.",2025-02-18,,55000.0,,OPP-2025-0049 Vesalius Labs,Sales,,,,100,2025-02-18,Closed Won,USD,,Sarah Blackwell,,,,
Customer,Kensington Diagnostics,Converted,"Thornfield Life Sciences Marketing, Inc.",2025-02-25,,35000.0,,OPP-2025-0053 Kensington Diagnostics,Sales,,,,100,2025-02-25,Closed Won,USD,,Amara Okonkwo,,,,
Customer,Redstone Analytical,Converted,"Thornfield Life Sciences Marketing, Inc.",2025-03-04,,35000.0,,OPP-2025-0058 Redstone Analytical,Sales,,,,100,2025-03-04,Closed Won,USD,,David Chen,,,,
Customer,Bellamy Instruments,Converted,"Thornfield Life Sciences Marketing, Inc.",2025-03-12,,35000.0,,OPP-2025-0062 Bellamy Instruments,Sales,,,,100,2025-03-12,Closed Won,USD,,Isabelle Moreau,,,,
Customer,Farnham Biotech,Converted,"Thornfield Life Sciences Marketing, Inc.",2025-03-20,,20000.0,,OPP-2025-0067 Farnham Biotech,Sales,,,,100,2025-03-20,Closed Won,USD,,Rebecca Ostrowski,,,,
Customer,Grantham Sciences,Converted,"Thornfield Life Sciences Marketing, Inc.",2025-04-02,,20000.0,,OPP-2025-0071 Grantham Sciences,Sales,,,,100,2025-04-02,Closed Won,USD,,Nathaniel Reeves,,,,
Customer,Hollis Diagnostics,Converted,"Thornfield Life Sciences Marketing, Inc.",2025-04-08,,20000.0,,OPP-2025-0074 Hollis Diagnostics,Sales,,,,100,2025-04-08,Closed Won,USD,,Kenji Watanabe,,,,
Customer,Ivory Peak Biosciences,Converted,"Thornfield Life Sciences Marketing, Inc.",2025-04-16,,20000.0,,OPP-2025-0078 Ivory Peak Biosciences,Sales,,,,100,2025-04-16,Closed Won,USD,,Marcus Delacroix,,,,
Customer,Larchmont Reagents,Converted,"Thornfield Life Sciences Marketing, Inc.",2025-04-22,,10000.0,,OPP-2025-0081 Larchmont Reagents,Sales,,,,100,2025-04-22,Closed Won,USD,,Sarah Blackwell,,,,
Customer,Marvell Cellular,Converted,"Thornfield Life Sciences Marketing, Inc.",2025-05-05,,15000.0,,OPP-2025-0086 Marvell Cellular,Sales,,,,100,2025-05-05,Closed Won,USD,,Amara Okonkwo,,,,
Customer,Ottershaw Instruments,Converted,"Thornfield Life Sciences Marketing, Inc.",2025-05-13,,15000.0,,OPP-2025-0089 Ottershaw Instruments,Sales,,,,100,2025-05-13,Closed Won,USD,,David Chen,,,,
Customer,Prescott Life Sciences,Converted,"Thornfield Life Sciences Marketing, Inc.",2025-05-21,,15000.0,,OPP-2025-0093 Prescott Life Sciences,Sales,,,,100,2025-05-21,Closed Won,USD,,Isabelle Moreau,,,,
Customer,Quimby Molecular,Converted,"Thornfield Life Sciences Marketing, Inc.",2025-05-28,,15000.0,,OPP-2025-0097 Quimby Molecular,Sales,,,,100,2025-05-28,Closed Won,USD,,Rebecca Ostrowski,,,,
Customer,Ridgemont Bio,Converted,"Thornfield Life Sciences Marketing, Inc.",2025-06-04,,12000.0,,OPP-2025-0102 Ridgemont Bio,Sales,,,,100,2025-06-04,Closed Won,USD,,Nathaniel Reeves,,,,
Customer,Stanton Biosystems,Converted,"Thornfield Life Sciences Marketing, Inc.",2025-06-12,,10000.0,,OPP-2025-0106 Stanton Biosystems,Sales,,,,100,2025-06-12,Closed Won,USD,,Kenji Watanabe,,,,
Customer,Tremaine Diagnostics,Converted,"Thornfield Life Sciences Marketing, Inc.",2025-06-19,,10000.0,,OPP-2025-0110 Tremaine Diagnostics,Sales,,,,100,2025-06-19,Closed Won,USD,,Marcus Delacroix,,,,
Customer,Uphill Molecular,Converted,"Thornfield Life Sciences Marketing, Inc.",2025-06-26,,10000.0,,OPP-2025-0114 Uphill Molecular,Sales,,,,100,2025-06-26,Closed Won,USD,,Sarah Blackwell,,,,
Customer,Verwood Sciences,Converted,"Thornfield Life Sciences Marketing, Inc.",2025-07-03,,10000.0,,OPP-2025-0118 Verwood Sciences,Sales,,,,100,2025-07-03,Closed Won,USD,,Amara Okonkwo,,,,
Customer,Whitcombe Reagents,Converted,"Thornfield Life Sciences Marketing, Inc.",2025-07-10,,10000.0,,OPP-2025-0122 Whitcombe Reagents,Sales,,,,100,2025-07-10,Closed Won,USD,,David Chen,,,,
Customer,Xanadu Biotech,Converted,"Thornfield Life Sciences Marketing, Inc.",2025-07-17,,7000.0,,OPP-2025-0126 Xanadu Biotech,Sales,,,,100,2025-07-17,Closed Won,USD,,Isabelle Moreau,,,,
Customer,Yardley Labs,Converted,"Thornfield Life Sciences Marketing, Inc.",2025-07-24,,7000.0,,OPP-2025-0129 Yardley Labs,Sales,,,,100,2025-07-24,Closed Won,USD,,Rebecca Ostrowski,,,,
Customer,Zenithal Molecular,Converted,"Thornfield Life Sciences Marketing, Inc.",2025-08-01,,7000.0,,OPP-2025-0133 Zenithal Molecular,Sales,,,,100,2025-08-01,Closed Won,USD,,Nathaniel Reeves,,,,
Customer,Aldergrove BioSolutions,Converted,"Thornfield Life Sciences Marketing, Inc.",2025-08-08,,7000.0,,OPP-2025-0136 Aldergrove BioSolutions,Sales,,,,100,2025-08-08,Closed Won,USD,,Kenji Watanabe,,,,
Customer,Blyth Analytical,Converted,"Thornfield Life Sciences Marketing, Inc.",2025-08-15,,7000.0,,OPP-2025-0140 Blyth Analytical,Sales,,,,100,2025-08-15,Closed Won,USD,,Marcus Delacroix,,,,
Customer,Caraway Diagnostics,Converted,"Thornfield Life Sciences Marketing, Inc.",2025-08-22,,7000.0,,OPP-2025-0144 Caraway Diagnostics,Sales,,,,100,2025-08-22,Closed Won,USD,,Sarah Blackwell,,,,
Customer,Draycott Life Sciences,Converted,"Thornfield Life Sciences Marketing, Inc.",2025-09-02,,7000.0,,OPP-2025-0148 Draycott Life Sciences,Sales,,,,100,2025-09-02,Closed Won,USD,,Amara Okonkwo,,,,
Customer,Elmswood Bio,Converted,"Thornfield Life Sciences Marketing, Inc.",2025-09-10,,7000.0,,OPP-2025-0151 Elmswood Bio,Sales,,,,100,2025-09-10,Closed Won,USD,,David Chen,,,,
Customer,Fenlow Reagents,Converted,"Thornfield Life Sciences Marketing, Inc.",2025-09-17,,7000.0,,OPP-2025-0155 Fenlow Reagents,Sales,,,,100,2025-09-17,Closed Won,USD,,Isabelle Moreau,,,,
Customer,Girton Molecular,Converted,"Thornfield Life Sciences Marketing, Inc.",2025-09-24,,7000.0,,OPP-2025-0159 Girton Molecular,Sales,,,,100,2025-09-24,Closed Won,USD,,Rebecca Ostrowski,,,,
Customer,Hargrove Diagnostics,Converted,"Thornfield Life Sciences Marketing, Inc.",2025-10-01,,5000.0,,OPP-2025-0163 Hargrove Diagnostics,Sales,,,,100,2025-10-01,Closed Won,USD,,Nathaniel Reeves,,,,
Customer,Inglewood Bio,Converted,"Thornfield Life Sciences Marketing, Inc.",2025-10-08,,5000.0,,OPP-2025-0167 Inglewood Bio,Sales,,,,100,2025-10-08,Closed Won,USD,,Kenji Watanabe,,,,
Customer,Jasper Cellular,Converted,"Thornfield Life Sciences Marketing, Inc.",2025-10-15,,5000.0,,OPP-2025-0171 Jasper Cellular,Sales,,,,100,2025-10-15,Closed Won,USD,,Marcus Delacroix,,,,
Customer,Torrent Molecular,Converted,"Thornfield Life Sciences Marketing, Inc.",2025-10-22,,5000.0,,OPP-2025-0175 Torrent Molecular,Sales,,,,100,2025-10-22,Closed Won,USD,,Sarah Blackwell,,,,
Customer,Pinnacle Reagents,Converted,"Thornfield Life Sciences Marketing, Inc.",2025-10-29,,5000.0,,OPP-2025-0179 Pinnacle Reagents,Sales,,,,100,2025-10-29,Closed Won,USD,,Amara Okonkwo,,,,
Customer,Ashcroft BioPharma,Converted,"Thornfield Life Sciences Marketing, Inc.",2025-11-05,,5000.0,,OPP-2025-0183 Ashcroft BioPharma,Sales,,,,100,2025-11-05,Closed Won,USD,,David Chen,,,,
Customer,Cardiff Life Sciences,Converted,"Thornfield Life Sciences Marketing, Inc.",2025-11-12,,5000.0,,OPP-2025-0187 Cardiff Life Sciences,Sales,,,,100,2025-11-12,Closed Won,USD,,Isabelle Moreau,,,,
Customer,Ellsworth Molecular,Converted,"Thornfield Life Sciences Marketing, Inc.",2025-11-19,,5000.0,,OPP-2025-0191 Ellsworth Molecular,Sales,,,,100,2025-11-19,Closed Won,USD,,Rebecca Ostrowski,,,,
Customer,Bracknell Instruments,Converted,"Thornfield Life Sciences Marketing, Inc.",2025-11-26,,5000.0,,OPP-2025-0195 Bracknell Instruments,Sales,,,,100,2025-11-26,Closed Won,USD,,Nathaniel Reeves,,,,
Customer,Camborne Sciences,Converted,"Thornfield Life Sciences Marketing, Inc.",2025-12-03,,5000.0,,OPP-2025-0199 Camborne Sciences,Sales,,,,100,2025-12-03,Closed Won,USD,,Kenji Watanabe,,,,
Customer,Draper Reagents,Converted,"Thornfield Life Sciences Marketing, Inc.",2025-01-20,,5000.0,,OPP-2025-0202 Draper Reagents,Sales,,,,100,2025-01-20,Closed Won,USD,,,,,,
Customer,Eastdale Bio,Converted,"Thornfield Life Sciences Marketing, Inc.",2025-02-11,,5000.0,,OPP-2025-0203 Eastdale Bio,Sales,,,,100,2025-02-11,Closed Won,USD,,,,,,
Customer,Fairbrook Labs,Converted,"Thornfield Life Sciences Marketing, Inc.",2025-03-05,,5000.0,,OPP-2025-0205 Fairbrook Labs,Sales,,,,100,2025-03-05,Closed Won,USD,,,,,,
Customer,Glasson Molecular,Converted,"Thornfield Life Sciences Marketing, Inc.",2025-03-22,,5000.0,,OPP-2025-0207 Glasson Molecular,Sales,,,,100,2025-03-22,Closed Won,USD,,,,,,
Customer,Hexworthy Bio,Converted,"Thornfield Life Sciences Marketing, Inc.",2025-04-14,,5000.0,,OPP-2025-0209 Hexworthy Bio,Sales,,,,100,2025-04-14,Closed Won,USD,,,,,,
Customer,Ipplepen Labs,Converted,"Thornfield Life Sciences Marketing, Inc.",2025-05-07,,6000.0,,OPP-2025-0211 Ipplepen Labs,Sales,,,,100,2025-05-07,Closed Won,USD,,,,,,
Customer,Kirdford Reagents,Converted,"Thornfield Life Sciences Marketing, Inc.",2025-05-30,,6000.0,,OPP-2025-0213 Kirdford Reagents,Sales,,,,100,2025-05-30,Closed Won,USD,,,,,,
Customer,Lostwithiel Bio,Converted,"Thornfield Life Sciences Marketing, Inc.",2025-06-18,,6000.0,,OPP-2025-0215 Lostwithiel Bio,Sales,,,,100,2025-06-18,Closed Won,USD,,,,,,
Customer,Mawgan Molecular,Converted,"Thornfield Life Sciences Marketing, Inc.",2025-07-09,,6000.0,,OPP-2025-0217 Mawgan Molecular,Sales,,,,100,2025-07-09,Closed Won,USD,,,,,,
Customer,Newlyn Sciences,Converted,"Thornfield Life Sciences Marketing, Inc.",2025-07-28,,6000.0,,OPP-2025-0219 Newlyn Sciences,Sales,,,,100,2025-07-28,Closed Won,USD,,,,,,
Customer,Overstrand Bio,Converted,"Thornfield Life Sciences Marketing, Inc.",2025-08-14,,6000.0,,OPP-2025-0221 Overstrand Bio,Sales,,,,100,2025-08-14,Closed Won,USD,,,,,,
Customer,Pendennis Labs,Converted,"Thornfield Life Sciences Marketing, Inc.",2025-09-05,,7500.0,,OPP-2025-0223 Pendennis Labs,Sales,,,,100,2025-09-05,Closed Won,USD,,,,,,
Customer,Quenchwell Bio,Converted,"Thornfield Life Sciences Marketing, Inc.",2025-09-25,,7500.0,,OPP-2025-0225 Quenchwell Bio,Sales,,,,100,2025-09-25,Closed Won,USD,,,,,,
Customer,Restronguet Molecular,Converted,"Thornfield Life Sciences Marketing, Inc.",2025-10-12,,7500.0,,OPP-2025-0227 Restronguet Molecular,Sales,,,,100,2025-10-12,Closed Won,USD,,,,,,
Customer,Sennen Sciences,Converted,"Thornfield Life Sciences Marketing, Inc.",2025-11-03,,7500.0,,OPP-2025-0229 Sennen Sciences,Sales,,,,100,2025-11-03,Closed Won,USD,,,,,,
Customer,Trebetherick Bio,Converted,"Thornfield Life Sciences Marketing, Inc.",2025-11-20,,7500.0,,OPP-2025-0231 Trebetherick Bio,Sales,,,,100,2025-11-20,Closed Won,USD,,,,,,
Customer,Upcott Molecular,Converted,"Thornfield Life Sciences Marketing, Inc.",2025-12-08,,7500.0,,OPP-2025-0233 Upcott Molecular,Sales,,,,100,2025-12-08,Closed Won,USD,,,,,,
Customer,Veryan Labs,Converted,"Thornfield Life Sciences Marketing, Inc.",2025-12-19,,5000.0,,OPP-2025-0235 Veryan Labs,Sales,,,,100,2025-12-19,Closed Won,USD,,,,,,
Lead,Fenland Diagnostics,Open,"Thornfield Life Sciences Marketing, Inc.",2025-10-01,,32500.0,,CRM-OPP-2025-00300,Sales,Pia Nazarov,,p.nazarov@fenlanddx.com,40,2026-03-31,Qualification,USD,,Erik Vaskovic,,,,
Lead,Corvex Molecular,Open,"Thornfield Life Sciences Marketing, Inc.",2025-10-01,,48000.0,,CRM-OPP-2025-00301,Sales,Simone Petrov,,s.petrov@corvexmol.com,20,2026-03-31,Discovery,USD,,Marisol Aguirre,,,,
Lead,Radial Biosystems,Open,"Thornfield Life Sciences Marketing, Inc.",2025-10-02,,72000.0,,CRM-OPP-2025-00302,Sales,Stellan Vasquez,,s.vasquez@radialbio.com,60,2026-03-31,Proposal,USD,,Tomasz Bergstrom,,,,
Lead,Ashcroft Assays,Open,"Thornfield Life Sciences Marketing, Inc.",2025-10-02,,28000.0,,CRM-OPP-2025-00303,Sales,Ivaan Isaev,,i.isaev@ashcroftassays.com,20,2026-03-31,Discovery,USD,,Rachel Ohaeri,,,,
Lead,Meadowbrook Genomics,Open,"Thornfield Life Sciences Marketing, Inc.",2025-10-03,,54000.0,,CRM-OPP-2025-00304,Sales,Aroha Radu,,a.radu@meadowbrookgx.com,40,2026-03-31,Qualification,USD,,Sun-Hi Park,,,,
Lead,Silverpine Therapeutics,Open,"Thornfield Life Sciences Marketing, Inc.",2025-10-04,,86000.0,,CRM-OPP-2025-00305,Sales,Nathan Mancini,,n.mancini@silverpinetx.com,20,2026-03-31,Discovery,USD,,Kenji Watanabe,,,,
Lead,Windrow Scientific,Open,"Thornfield Life Sciences Marketing, Inc.",2025-10-04,,22500.0,,CRM-OPP-2025-00306,Sales,Ravi Janik,,r.janik@windrowsci.com,20,2026-03-31,Discovery,USD,,Erik Vaskovic,,,,
Lead,Kestrel Diagnostics,Open,"Thornfield Life Sciences Marketing, Inc.",2025-10-05,,115000.0,,CRM-OPP-2025-00307,Sales,Gustav Dahl,,g.dahl@kestreldx.com,60,2026-03-31,Proposal,USD,,Marisol Aguirre,,,,
Lead,Northgate BioLabs,Open,"Thornfield Life Sciences Marketing, Inc.",2025-10-06,,40000.0,,CRM-OPP-2025-00308,Sales,Pia Beringer,,p.beringer@northgatebiolabs.com,40,2026-03-31,Qualification,USD,,Tomasz Bergstrom,,,,
Lead,Sedgwick Reagents,Open,"Thornfield Life Sciences Marketing, Inc.",2025-10-06,,34500.0,,CRM-OPP-2025-00309,Sales,Priyanka Zimmerman,,p.zimmerman@sedgwickreagents.com,20,2026-03-31,Discovery,USD,,Rachel Ohaeri,,,,
Lead,Chartwell Instruments,Open,"Thornfield Life Sciences Marketing, Inc.",2025-10-07,,138000.0,,CRM-OPP-2025-00310,Sales,Kenji Moreau,,k.moreau@chartwellinst.com,60,2026-03-31,Proposal,USD,,Devon Blackthorne,,,,
Lead,Draycott Genomics,Open,"Thornfield Life Sciences Marketing, Inc.",2025-10-07,,61000.0,,CRM-OPP-2025-00311,Sales,Tariq Onyekachi,,t.onyekachi@draycottgx.com,40,2026-03-31,Qualification,USD,,Sun-Hi Park,,,,
Lead,Ferncliff Diagnostics,Open,"Thornfield Life Sciences Marketing, Inc.",2025-10-08,,46000.0,,CRM-OPP-2025-00312,Sales,Stellan Ulrich,,s.ulrich@ferncliffdx.com,20,2026-03-31,Discovery,USD,,Kenji Watanabe,,,,
Lead,Isley Reagents,Open,"Thornfield Life Sciences Marketing, Inc.",2025-10-09,,28500.0,,CRM-OPP-2025-00313,Sales,Umar Delgado,,u.delgado@isleyreagents.com,40,2026-03-31,Qualification,USD,,Marisol Aguirre,,,,
Lead,Jerbrook Diagnostics,Open,"Thornfield Life Sciences Marketing, Inc.",2025-10-10,,52000.0,,CRM-OPP-2025-00314,Sales,Kofi Farouk,,k.farouk@jerbrookdx.com,20,2026-03-31,Discovery,USD,,Tomasz Bergstrom,,,,
Lead,Kilburn Molecular,Open,"Thornfield Life Sciences Marketing, Inc.",2025-10-10,,94000.0,,CRM-OPP-2025-00315,Sales,Owen Nazarov,,o.nazarov@kilburnmol.com,60,2026-03-31,Proposal,USD,,Rachel Ohaeri,,,,
Lead,Merit BioScience,Open,"Thornfield Life Sciences Marketing, Inc.",2025-10-11,,165000.0,,CRM-OPP-2025-00316,Sales,Devon Eriksson,,d.eriksson@meritbio.com,80,2026-03-31,Negotiation,USD,,Devon Blackthorne,,,,
Lead,Newbury Instruments,Open,"Thornfield Life Sciences Marketing, Inc.",2025-10-11,,30000.0,,CRM-OPP-2025-00317,Sales,Wei Al-Sayed,,w.al-sayed@newburyinst.com,20,2026-03-31,Discovery,USD,,Sun-Hi Park,,,,
Lead,Orleans Genomics,Open,"Thornfield Life Sciences Marketing, Inc.",2025-10-12,,76500.0,,CRM-OPP-2025-00318,Sales,Kenji Sokolova,,k.sokolova@orleansgx.com,40,2026-03-31,Qualification,USD,,Kenji Watanabe,,,,
Lead,Quenton BioLabs,Open,"Thornfield Life Sciences Marketing, Inc.",2025-10-13,,44000.0,,CRM-OPP-2025-00319,Sales,Malia Rivas,,m.rivas@quentonbiolabs.com,20,2026-03-31,Discovery,USD,,Erik Vaskovic,,,,
Lead,Trellis Molecular,Open,"Thornfield Life Sciences Marketing, Inc.",2025-10-14,,102000.0,,CRM-OPP-2025-00320,Sales,Esther Kapoor,,e.kapoor@trellismol.com,60,2026-03-31,Proposal,USD,,Tomasz Bergstrom,,,,
Lead,Underhill Bio,Open,"Thornfield Life Sciences Marketing, Inc.",2025-10-14,,37500.0,,CRM-OPP-2025-00321,Sales,Nia Papadopoulos,,n.papadopoulos@underhillbio.com,20,2026-03-31,Discovery,USD,,Rachel Ohaeri,,,,
Lead,Whitfield Diagnostics,Open,"Thornfield Life Sciences Marketing, Inc.",2025-10-15,,58000.0,,CRM-OPP-2025-00322,Sales,Kenji Rivas,,k.rivas@whitfielddx.com,40,2026-03-31,Qualification,USD,,Devon Blackthorne,,,,
Lead,Xanthe Instruments,Open,"Thornfield Life Sciences Marketing, Inc.",2025-10-15,,89000.0,,CRM-OPP-2025-00323,Sales,Larisa Novak,,l.novak@xantheinst.com,20,2026-03-31,Discovery,USD,,Sun-Hi Park,,,,
Lead,Yorktown Bioscience,Open,"Thornfield Life Sciences Marketing, Inc.",2025-10-16,,42500.0,,CRM-OPP-2025-00324,Sales,Aroha Wei,,a.wei@yorktownbio.com,20,2026-03-31,Discovery,USD,,Kenji Watanabe,,,,
Lead,Alderman Diagnostics,Open,"Thornfield Life Sciences Marketing, Inc.",2025-10-17,,50000.0,,CRM-OPP-2025-00325,Sales,Giulia Quintero,,g.quintero@aldermandx.com,20,2026-03-31,Discovery,USD,,Erik Vaskovic,,,,
Lead,Deerfield Molecular,Open,"Thornfield Life Sciences Marketing, Inc.",2025-10-18,,67000.0,,CRM-OPP-2025-00326,Sales,Mikhail Marchand,,m.marchand@deerfieldmol.com,40,2026-03-31,Qualification,USD,,Tomasz Bergstrom,,,,
Lead,Estwick Instruments,Open,"Thornfield Life Sciences Marketing, Inc.",2025-10-19,,33000.0,,CRM-OPP-2025-00327,Sales,Idris Dahl,,i.dahl@estwickinst.com,20,2026-03-31,Discovery,USD,,Rachel Ohaeri,,,,
Lead,Glenridge BioLabs,Open,"Thornfield Life Sciences Marketing, Inc.",2025-10-20,,148000.0,,CRM-OPP-2025-00328,Sales,Paloma Falcon,,p.falcon@glenridgebiolabs.com,60,2026-03-31,Proposal,USD,,Devon Blackthorne,,,,
Lead,Halewood Diagnostics,Open,"Thornfield Life Sciences Marketing, Inc.",2025-10-20,,54500.0,,CRM-OPP-2025-00329,Sales,Edvard Petrov,,e.petrov@halewooddx.com,20,2026-03-31,Discovery,USD,,Sun-Hi Park,,,,
Lead,Keswick Genomics,Open,"Thornfield Life Sciences Marketing, Inc.",2025-10-21,,71000.0,,CRM-OPP-2025-00330,Sales,Owen Mancini,,o.mancini@keswickgx.com,40,2026-03-31,Qualification,USD,,Erik Vaskovic,,,,
Lead,Lyndhurst Instruments,Open,"Thornfield Life Sciences Marketing, Inc.",2025-10-22,,46500.0,,CRM-OPP-2025-00331,Sales,Torsten Yilmaz,,t.yilmaz@lyndhurstinst.com,20,2026-03-31,Discovery,USD,,Marisol Aguirre,,,,
Lead,Oakenwood Diagnostics,Open,"Thornfield Life Sciences Marketing, Inc.",2025-10-23,,38000.0,,CRM-OPP-2025-00332,Sales,Mateus Ainsley,,m.ainsley@oakenwooddx.com,20,2026-03-31,Discovery,USD,,Tomasz Bergstrom,,,,
Lead,Pentworth Molecular,Open,"Thornfield Life Sciences Marketing, Inc.",2025-10-23,,122000.0,,CRM-OPP-2025-00333,Sales,Hana Moreau,,h.moreau@pentworthmol.com,60,2026-03-31,Proposal,USD,,Rachel Ohaeri,,,,
Lead,Rowton Reagents,Open,"Thornfield Life Sciences Marketing, Inc.",2025-10-24,,27500.0,,CRM-OPP-2025-00334,Sales,Quentin Onyekachi,,q.onyekachi@rowtonreagents.com,40,2026-03-31,Qualification,USD,,Devon Blackthorne,,,,
Lead,Tavistock Assays,Open,"Thornfield Life Sciences Marketing, Inc.",2025-10-25,,41000.0,,CRM-OPP-2025-00335,Sales,Ana Ulrich,,a.ulrich@tavistockassays.com,20,2026-03-31,Discovery,USD,,Sun-Hi Park,,,,
Lead,Vallon Instruments,Open,"Thornfield Life Sciences Marketing, Inc.",2025-10-26,,98500.0,,CRM-OPP-2025-00336,Sales,Esther Ustinov,,e.ustinov@valloninst.com,60,2026-03-31,Proposal,USD,,Kenji Watanabe,,,,
Lead,Wintergreen BioScience,Open,"Thornfield Life Sciences Marketing, Inc.",2025-10-26,,63000.0,,CRM-OPP-2025-00337,Sales,Xander Nowak,,x.nowak@wintergreenbio.com,20,2026-03-31,Discovery,USD,,Erik Vaskovic,,,,
Lead,Wrenfield Scientific,Open,"Thornfield Life Sciences Marketing, Inc.",2025-10-28,,59000.0,,CRM-OPP-2025-00338,Sales,Pia Marchetti,,p.marchetti@wrenfieldscientific.com,40,2026-03-31,Qualification,USD,,Tomasz Bergstrom,,,,
Lead,Everglade Diagnostics,Open,"Thornfield Life Sciences Marketing, Inc.",2025-10-28,,47500.0,,CRM-OPP-2025-00339,Sales,Callum Ostrowski,,c.ostrowski@everglade-dx.com,20,2026-03-31,Discovery,USD,,Rachel Ohaeri,,,,
Lead,Highfield Instruments,Open,"Thornfield Life Sciences Marketing, Inc.",2025-10-29,,52000.0,,CRM-OPP-2025-00340,Sales,Lucas Volkov,,l.volkov@highfieldinst.com,20,2026-03-31,Discovery,USD,,Devon Blackthorne,,,,
Lead,Hallmark Molecular,Open,"Thornfield Life Sciences Marketing, Inc.",2025-10-29,,34500.0,,CRM-OPP-2025-00341,Sales,Noor Delgado,,n.delgado@hallmarkmol.com,40,2026-03-31,Qualification,USD,,Sun-Hi Park,,,,
Lead,Nettleford Bio,Open,"Thornfield Life Sciences Marketing, Inc.",2025-10-31,,39000.0,,CRM-OPP-2025-00342,Sales,Umar Sato,,u.sato@nettlefordbio.com,20,2026-03-31,Discovery,USD,,Erik Vaskovic,,,,
Lead,Kadence Diagnostics,Open,"Thornfield Life Sciences Marketing, Inc.",2025-10-31,,87000.0,,CRM-OPP-2025-00343,Sales,Priyanka Janik,,p.janik@kadencedx.com,60,2026-03-31,Proposal,USD,,Marisol Aguirre,,,,
Lead,Brixton Reagents,Open,"Thornfield Life Sciences Marketing, Inc.",2025-11-01,,56500.0,,CRM-OPP-2025-00344,Sales,Farah Krishnamurthy,,f.krishnamurthy@brixtonreagents.com,20,2026-03-31,Discovery,USD,,Tomasz Bergstrom,,,,
Lead,Willowmere Diagnostics,Open,"Thornfield Life Sciences Marketing, Inc.",2025-11-01,,43000.0,,CRM-OPP-2025-00345,Sales,Yuki Vukovic,,y.vukovic@willowmeredx.com,40,2026-03-31,Qualification,USD,,Rachel Ohaeri,,,,
Lead,Thornbury BioScience,Open,"Thornfield Life Sciences Marketing, Inc.",2025-11-02,,65000.0,,CRM-OPP-2025-00346,Sales,Bianca Vukovic,,b.vukovic@thornburybio.com,20,2026-03-31,Discovery,USD,,Devon Blackthorne,,,,
Lead,Beacon Assay Systems,Open,"Thornfield Life Sciences Marketing, Inc.",2025-11-03,,110000.0,,CRM-OPP-2025-00347,Sales,Keiko Rowe,,k.rowe@beaconassay.com,60,2026-03-31,Proposal,USD,,Kenji Watanabe,,,,
Lead,Delaney BioScience,Open,"Thornfield Life Sciences Marketing, Inc.",2025-11-04,,48500.0,,CRM-OPP-2025-00348,Sales,Simone Vasquez,,s.vasquez@delaneybio.com,20,2026-03-31,Discovery,USD,,Erik Vaskovic,,,,
Lead,Enfield Reagents,Open,"Thornfield Life Sciences Marketing, Inc.",2025-11-04,,31500.0,,CRM-OPP-2025-00349,Sales,Nikolai Papadopoulos,,n.papadopoulos@enfieldreagents.com,40,2026-03-31,Qualification,USD,,Marisol Aguirre,,,,
Lead,Corvex Molecular,Open,"Thornfield Life Sciences Marketing, Inc.",2025-11-05,,40000.0,,CRM-OPP-2025-00350,Sales,Elena Isaev,,e.isaev@corvexmol.com,20,2026-03-31,Discovery,USD,,Tomasz Bergstrom,,,,
Lead,Radial Biosystems,Open,"Thornfield Life Sciences Marketing, Inc.",2025-11-05,,132000.0,,CRM-OPP-2025-00351,Sales,Priyanka Gagnon,,p.gagnon@radialbio.com,60,2026-03-31,Proposal,USD,,Rachel Ohaeri,,,,
Lead,Ashcroft Assays,Open,"Thornfield Life Sciences Marketing, Inc.",2025-11-06,,36500.0,,CRM-OPP-2025-00352,Sales,Wei Onyekachi,,w.onyekachi@ashcroftassays.com,20,2026-03-31,Discovery,USD,,Devon Blackthorne,,,,
Lead,Bellwether Reagents,Open,"Thornfield Life Sciences Marketing, Inc.",2025-11-07,,52500.0,,CRM-OPP-2025-00353,Sales,Malia Chandra,,m.chandra@bellwetherreagents.com,40,2026-03-31,Qualification,USD,,Sun-Hi Park,,,,
Lead,Silverpine Therapeutics,Open,"Thornfield Life Sciences Marketing, Inc.",2025-11-08,,158000.0,,CRM-OPP-2025-00354,Sales,Zane Ibori,,z.ibori@silverpinetx.com,60,2026-03-31,Proposal,USD,,Erik Vaskovic,,,,
Lead,Windrow Scientific,Open,"Thornfield Life Sciences Marketing, Inc.",2025-11-09,,29500.0,,CRM-OPP-2025-00355,Sales,Leila Cabrera,,l.cabrera@windrowsci.com,20,2026-03-31,Discovery,USD,,Marisol Aguirre,,,,
Lead,Kestrel Diagnostics,Open,"Thornfield Life Sciences Marketing, Inc.",2025-11-10,,74000.0,,CRM-OPP-2025-00356,Sales,Cormac Nazarov,,c.nazarov@kestreldx.com,40,2026-03-31,Qualification,USD,,Tomasz Bergstrom,,,,
Lead,Northgate BioLabs,Open,"Thornfield Life Sciences Marketing, Inc.",2025-11-10,,61500.0,,CRM-OPP-2025-00357,Sales,Quinn Ainsley,,q.ainsley@northgatebiolabs.com,20,2026-03-31,Discovery,USD,,Rachel Ohaeri,,,,
Lead,Ashvale Molecular,Open,"Thornfield Life Sciences Marketing, Inc.",2025-11-11,,103000.0,,CRM-OPP-2025-00358,Sales,Klaus Enescu,,k.enescu@ashvalemol.com,60,2026-03-31,Proposal,USD,,Devon Blackthorne,,,,
Lead,Chartwell Instruments,Open,"Thornfield Life Sciences Marketing, Inc.",2025-11-11,,45500.0,,CRM-OPP-2025-00359,Sales,Vikram Volkov,,v.volkov@chartwellinst.com,20,2026-03-31,Discovery,USD,,Sun-Hi Park,,,,
Lead,Elmwood BioScience,Open,"Thornfield Life Sciences Marketing, Inc.",2025-11-12,,37000.0,,CRM-OPP-2025-00360,Sales,Kofi Kapoor,,k.kapoor@elmwoodbio.com,40,2026-03-31,Qualification,USD,,Kenji Watanabe,,,,
Lead,Harborlight Bio,Open,"Thornfield Life Sciences Marketing, Inc.",2025-11-13,,58000.0,,CRM-OPP-2025-00361,Sales,Gustav Tanaka,,g.tanaka@harborlightbio.com,20,2026-03-31,Discovery,USD,,Marisol Aguirre,,,,
Lead,Isley Reagents,Open,"Thornfield Life Sciences Marketing, Inc.",2025-11-14,,30500.0,,CRM-OPP-2025-00362,Sales,Esther Moreau,,e.moreau@isleyreagents.com,40,2026-03-31,Qualification,USD,,Tomasz Bergstrom,,,,
Lead,Jerbrook Diagnostics,Open,"Thornfield Life Sciences Marketing, Inc.",2025-11-14,,49000.0,,CRM-OPP-2025-00363,Sales,Ishaan Marchetti,,i.marchetti@jerbrookdx.com,20,2026-03-31,Discovery,USD,,Rachel Ohaeri,,,,
Lead,Ledbury Assays,Open,"Thornfield Life Sciences Marketing, Inc.",2025-11-15,,44500.0,,CRM-OPP-2025-00364,Sales,Idris Lundgren,,i.lundgren@ledburyassays.com,20,2026-03-31,Discovery,USD,,Devon Blackthorne,,,,
Lead,Merit BioScience,Open,"Thornfield Life Sciences Marketing, Inc.",2025-11-16,,127000.0,,CRM-OPP-2025-00365,Sales,Oscar Kowalski,,o.kowalski@meritbio.com,60,2026-03-31,Proposal,USD,,Sun-Hi Park,,,,
Lead,Newbury Instruments,Open,"Thornfield Life Sciences Marketing, Inc.",2025-11-16,,35000.0,,CRM-OPP-2025-00366,Sales,Elena Radu,,e.radu@newburyinst.com,20,2026-03-31,Discovery,USD,,Kenji Watanabe,,,,
Lead,Pemberton Diagnostics,Open,"Thornfield Life Sciences Marketing, Inc.",2025-11-17,,69000.0,,CRM-OPP-2025-00367,Sales,Callum Eriksson,,c.eriksson@pembertondx.com,40,2026-03-31,Qualification,USD,,Erik Vaskovic,,,,
Lead,Quenton BioLabs,Open,"Thornfield Life Sciences Marketing, Inc.",2025-11-17,,41500.0,,CRM-OPP-2025-00368,Sales,Hana Nikolic,,h.nikolic@quentonbiolabs.com,20,2026-03-31,Discovery,USD,,Marisol Aguirre,,,,
Lead,Trellis Molecular,Open,"Thornfield Life Sciences Marketing, Inc.",2025-11-19,,47000.0,,CRM-OPP-2025-00369,Sales,Yuki Quintero,,y.quintero@trellismol.com,20,2026-03-31,Discovery,USD,,Rachel Ohaeri,,,,
Lead,Underhill Bio,Open,"Thornfield Life Sciences Marketing, Inc.",2025-11-19,,33500.0,,CRM-OPP-2025-00370,Sales,Rangi Rowe,,r.rowe@underhillbio.com,40,2026-03-31,Qualification,USD,,Devon Blackthorne,,,,
Lead,Whitfield Diagnostics,Open,"Thornfield Life Sciences Marketing, Inc.",2025-11-20,,141000.0,,CRM-OPP-2025-00371,Sales,Meredith Isaev,,m.isaev@whitfielddx.com,60,2026-03-31,Proposal,USD,,Sun-Hi Park,,,,
Lead,Xanthe Instruments,Open,"Thornfield Life Sciences Marketing, Inc.",2025-11-20,,54000.0,,CRM-OPP-2025-00372,Sales,Ingrid Isaev,,i.isaev@xantheinst.com,20,2026-03-31,Discovery,USD,,Kenji Watanabe,,,,
Lead,Zephyr Genomics,Open,"Thornfield Life Sciences Marketing, Inc.",2025-11-21,,82500.0,,CRM-OPP-2025-00373,Sales,Sofia Chiu,,s.chiu@zephyrgx.com,40,2026-03-31,Qualification,USD,,Erik Vaskovic,,,,
Lead,Alderman Diagnostics,Open,"Thornfield Life Sciences Marketing, Inc.",2025-11-22,,38500.0,,CRM-OPP-2025-00374,Sales,Kai Quintero,,k.quintero@aldermandx.com,20,2026-03-31,Discovery,USD,,Marisol Aguirre,,,,
Lead,Colvin Reagents,Open,"Thornfield Life Sciences Marketing, Inc.",2025-11-23,,50500.0,,CRM-OPP-2025-00375,Sales,Keiko Kapoor,,k.kapoor@colvinreagents.com,20,2026-03-31,Discovery,USD,,Tomasz Bergstrom,,,,
Lead,Fairhaven Analytical,Open,"Thornfield Life Sciences Marketing, Inc.",2025-11-24,,32000.0,,CRM-OPP-2025-00376,Sales,Anika Janik,,a.janik@fairhavenanalytical.com,20,2026-03-31,Discovery,USD,,Devon Blackthorne,,,,
Lead,Halewood Diagnostics,Open,"Thornfield Life Sciences Marketing, Inc.",2025-11-25,,46000.0,,CRM-OPP-2025-00377,Sales,Priyanka Radu,,p.radu@halewooddx.com,40,2026-03-31,Qualification,USD,,Kenji Watanabe,,,,
Lead,Junction Reagents,Open,"Thornfield Life Sciences Marketing, Inc.",2025-11-26,,28000.0,,CRM-OPP-2025-00378,Sales,Petra Terzic,,p.terzic@junctionreagents.com,20,2026-03-31,Discovery,USD,,Erik Vaskovic,,,,
Lead,Keswick Genomics,Open,"Thornfield Life Sciences Marketing, Inc.",2025-11-27,,79000.0,,CRM-OPP-2025-00379,Sales,Larisa Ashworth,,l.ashworth@keswickgx.com,20,2026-03-31,Discovery,USD,,Marisol Aguirre,,,,
Lead,Marston Bio,Open,"Thornfield Life Sciences Marketing, Inc.",2025-11-28,,56000.0,,CRM-OPP-2025-00380,Sales,Sofia Iyer,,s.iyer@marstonbio.com,40,2026-03-31,Qualification,USD,,Tomasz Bergstrom,,,,
Lead,Oakenwood Diagnostics,Open,"Thornfield Life Sciences Marketing, Inc.",2025-11-28,,42000.0,,CRM-OPP-2025-00381,Sales,Larisa Tanaka,,l.tanaka@oakenwooddx.com,20,2026-03-31,Discovery,USD,,Rachel Ohaeri,,,,
Lead,Quaywater BioLabs,Open,"Thornfield Life Sciences Marketing, Inc.",2025-11-29,,95500.0,,CRM-OPP-2025-00382,Sales,Owen Weiss,,o.weiss@quaywaterbiolabs.com,60,2026-03-31,Proposal,USD,,Devon Blackthorne,,,,
Lead,Rowton Reagents,Open,"Thornfield Life Sciences Marketing, Inc.",2025-11-30,,36000.0,,CRM-OPP-2025-00383,Sales,Chen Tanaka,,c.tanaka@rowtonreagents.com,20,2026-03-31,Discovery,USD,,Sun-Hi Park,,,,
Lead,Tavistock Assays,Open,"Thornfield Life Sciences Marketing, Inc.",2025-11-30,,63500.0,,CRM-OPP-2025-00384,Sales,Tariq Isaev,,t.isaev@tavistockassays.com,40,2026-03-31,Qualification,USD,,Kenji Watanabe,,,,
Lead,Vallon Instruments,Open,"Thornfield Life Sciences Marketing, Inc.",2025-12-01,,48000.0,,CRM-OPP-2025-00385,Sales,Yasmin Yilmaz,,y.yilmaz@valloninst.com,20,2026-03-31,Discovery,USD,,Erik Vaskovic,,,,
Lead,Yardsley Analytical,Open,"Thornfield Life Sciences Marketing, Inc.",2025-12-02,,134500.0,,CRM-OPP-2025-00386,Sales,Grace Ulrich,,g.ulrich@yardsleyanalytical.com,60,2026-03-31,Proposal,USD,,Tomasz Bergstrom,,,,
Lead,Bramford Scientific,Open,"Thornfield Life Sciences Marketing, Inc.",2025-12-03,,31000.0,,CRM-OPP-2025-00387,Sales,Alistair Ostrowski,,a.ostrowski@bramfordsci.com,20,2026-03-31,Discovery,USD,,Rachel Ohaeri,,,,
Lead,Everglade Diagnostics,Open,"Thornfield Life Sciences Marketing, Inc.",2025-12-03,,52000.0,,CRM-OPP-2025-00388,Sales,Paloma Booker,,p.booker@everglade-dx.com,40,2026-03-31,Qualification,USD,,Devon Blackthorne,,,,
Lead,Highfield Instruments,Open,"Thornfield Life Sciences Marketing, Inc.",2025-12-04,,57500.0,,CRM-OPP-2025-00389,Sales,Nathan Castellanos,,n.castellanos@highfieldinst.com,20,2026-03-31,Discovery,USD,,Sun-Hi Park,,,,
Lead,Hallmark Molecular,Open,"Thornfield Life Sciences Marketing, Inc.",2025-12-04,,107000.0,,CRM-OPP-2025-00390,Sales,Amelia Moreau,,a.moreau@hallmarkmol.com,60,2026-03-31,Proposal,USD,,Kenji Watanabe,,,,
Lead,Coastwise Reagents,Open,"Thornfield Life Sciences Marketing, Inc.",2025-12-05,,38000.0,,CRM-OPP-2025-00391,Sales,Torsten Wei,,t.wei@coastwisereagents.com,40,2026-03-31,Qualification,USD,,Erik Vaskovic,,,,
Lead,Kadence Diagnostics,Open,"Thornfield Life Sciences Marketing, Inc.",2025-12-06,,44500.0,,CRM-OPP-2025-00392,Sales,Fatima Hoffmann,,f.hoffmann@kadencedx.com,20,2026-03-31,Discovery,USD,,Marisol Aguirre,,,,
Lead,Willowmere Diagnostics,Open,"Thornfield Life Sciences Marketing, Inc.",2025-12-08,,128000.0,,CRM-OPP-2025-00393,Sales,Nikolai Radu,,n.radu@willowmeredx.com,60,2026-03-31,Proposal,USD,,Rachel Ohaeri,,,,
Lead,Selby Instruments,Open,"Thornfield Life Sciences Marketing, Inc.",2025-12-08,,50000.0,,CRM-OPP-2025-00394,Sales,Vera Zajac,,v.zajac@selbyinst.com,20,2026-03-31,Discovery,USD,,Devon Blackthorne,,,,
Lead,Caldwell Diagnostics,Open,"Thornfield Life Sciences Marketing, Inc.",2025-12-08,,65000.0,,CRM-OPP-2025-00395,Sales,Malia Moreau,,m.moreau@caldwelldx.com,20,2026-03-31,Discovery,USD,,Amara Okonkwo,,,,
Lead,Argent Molecular,Open,"Thornfield Life Sciences Marketing, Inc.",2025-12-09,,26000.0,,CRM-OPP-2025-00396,Sales,Umar Yilmaz,,u.yilmaz@argentmol.com,40,2026-03-31,Qualification,USD,,Sun-Hi Park,,,,
Lead,Beacon Assay Systems,Open,"Thornfield Life Sciences Marketing, Inc.",2025-12-09,,55500.0,,CRM-OPP-2025-00397,Sales,Oscar Sharma,,o.sharma@beaconassay.com,20,2026-03-31,Discovery,USD,,Kenji Watanabe,,,,
Lead,Delaney BioScience,Open,"Thornfield Life Sciences Marketing, Inc.",2025-12-10,,67000.0,,CRM-OPP-2025-00398,Sales,Jamal Kapoor,,j.kapoor@delaneybio.com,40,2026-03-31,Qualification,USD,,Erik Vaskovic,,,,
Lead,Enfield Reagents,Open,"Thornfield Life Sciences Marketing, Inc.",2025-12-11,,34000.0,,CRM-OPP-2025-00399,Sales,Henry Moreau,,h.moreau@enfieldreagents.com,20,2026-03-31,Discovery,USD,,Marisol Aguirre,,,,
Lead,Radial Biosystems,Open,"Thornfield Life Sciences Marketing, Inc.",2025-12-12,,46500.0,,CRM-OPP-2025-00400,Sales,Alistair Osei,,a.osei@radialbio.com,20,2026-03-31,Discovery,USD,,Rachel Ohaeri,,,,
Lead,Larkspur Bio,Open,"Thornfield Life Sciences Marketing, Inc.",2025-12-12,,72000.0,,CRM-OPP-2025-00401,Sales,Selin Solheim,,s.solheim@larkspurbio.com,40,2026-03-31,Qualification,USD,,Devon Blackthorne,,,,
Lead,Bellwether Reagents,Open,"Thornfield Life Sciences Marketing, Inc.",2025-12-13,,115000.0,,CRM-OPP-2025-00402,Sales,Ivaan Winterbourne,,i.winterbourne@bellwetherreagents.com,60,2026-03-31,Proposal,USD,,Sun-Hi Park,,,,
Lead,Halcyon Analytical,Open,"Thornfield Life Sciences Marketing, Inc.",2025-12-14,,40500.0,,CRM-OPP-2025-00403,Sales,Imani Ferreira,,i.ferreira@halcyonanalytical.com,20,2026-03-31,Discovery,USD,,Kenji Watanabe,,,,
Lead,Meadowbrook Genomics,Open,"Thornfield Life Sciences Marketing, Inc.",2025-12-14,,61000.0,,CRM-OPP-2025-00404,Sales,Tariq Beaulieu,,t.beaulieu@meadowbrookgx.com,40,2026-03-31,Qualification,USD,,Erik Vaskovic,,,,
Lead,Windrow Scientific,Open,"Thornfield Life Sciences Marketing, Inc.",2025-12-15,,99000.0,,CRM-OPP-2025-00405,Sales,Imani Ostrowski,,i.ostrowski@windrowsci.com,60,2026-03-31,Proposal,USD,,Marisol Aguirre,,,,
Lead,Norwich Bioinstruments,Open,"Thornfield Life Sciences Marketing, Inc.",2025-12-15,,47000.0,,CRM-OPP-2025-00406,Sales,Sofia Tanaka,,s.tanaka@norwichbio.com,20,2026-03-31,Discovery,USD,,Tomasz Bergstrom,,,,
Lead,Sedgwick Reagents,Open,"Thornfield Life Sciences Marketing, Inc.",2025-12-17,,145000.0,,CRM-OPP-2025-00407,Sales,Ingrid Verma,,i.verma@sedgwickreagents.com,60,2026-03-31,Proposal,USD,,Devon Blackthorne,,,,
Lead,Ashvale Molecular,Open,"Thornfield Life Sciences Marketing, Inc.",2025-12-17,,43500.0,,CRM-OPP-2025-00408,Sales,Renata Osei,,r.osei@ashvalemol.com,20,2026-03-31,Discovery,USD,,Sun-Hi Park,,,,
Lead,Draycott Genomics,Open,"Thornfield Life Sciences Marketing, Inc.",2025-12-18,,53000.0,,CRM-OPP-2025-00409,Sales,Rohit Wei,,r.wei@draycottgx.com,40,2026-03-31,Qualification,USD,,Kenji Watanabe,,,,
Lead,Elmwood BioScience,Open,"Thornfield Life Sciences Marketing, Inc.",2025-12-19,,58000.0,,CRM-OPP-2025-00410,Sales,Magnus Manaia,,m.manaia@elmwoodbio.com,20,2026-03-31,Discovery,USD,,Erik Vaskovic,,,,
Lead,Harborlight Bio,Open,"Thornfield Life Sciences Marketing, Inc.",2025-12-20,,37500.0,,CRM-OPP-2025-00411,Sales,Klaus Lindqvist,,k.lindqvist@harborlightbio.com,20,2026-03-31,Discovery,USD,,Tomasz Bergstrom,,,,
Lead,Isley Reagents,Open,"Thornfield Life Sciences Marketing, Inc.",2025-12-20,,49500.0,,CRM-OPP-2025-00412,Sales,Gustav Zajac,,g.zajac@isleyreagents.com,40,2026-03-31,Qualification,USD,,Rachel Ohaeri,,,,
Lead,Kilburn Molecular,Open,"Thornfield Life Sciences Marketing, Inc.",2025-12-21,,88000.0,,CRM-OPP-2025-00413,Sales,Umar Chandra,,u.chandra@kilburnmol.com,60,2026-03-31,Proposal,USD,,Devon Blackthorne,,,,
Lead,Ledbury Assays,Open,"Thornfield Life Sciences Marketing, Inc.",2025-12-22,,60000.0,,CRM-OPP-2025-00414,Sales,Marcus Cortez,,m.cortez@ledburyassays.com,20,2026-03-31,Discovery,USD,,Sun-Hi Park,,,,
Lead,Merit BioScience,Open,"Thornfield Life Sciences Marketing, Inc.",2025-12-22,,32500.0,,CRM-OPP-2025-00415,Sales,Malia Lombardi,,m.lombardi@meritbio.com,40,2026-03-31,Qualification,USD,,Kenji Watanabe,,,,
Lead,Orleans Genomics,Open,"Thornfield Life Sciences Marketing, Inc.",2025-12-23,,54500.0,,CRM-OPP-2025-00416,Sales,Grace Lombardi,,g.lombardi@orleansgx.com,20,2026-03-31,Discovery,USD,,Erik Vaskovic,,,,
Lead,Pemberton Diagnostics,Open,"Thornfield Life Sciences Marketing, Inc.",2025-12-23,,112000.0,,CRM-OPP-2025-00417,Sales,Amelia Nakamura,,a.nakamura@pembertondx.com,60,2026-03-31,Proposal,USD,,Marisol Aguirre,,,,
Lead,Ramsey Analytical,Open,"Thornfield Life Sciences Marketing, Inc.",2025-12-24,,39000.0,,CRM-OPP-2025-00418,Sales,Tariq Vasquez,,t.vasquez@ramseyanalytical.com,20,2026-03-31,Discovery,USD,,Tomasz Bergstrom,,,,
Lead,Sutherland Reagents,Open,"Thornfield Life Sciences Marketing, Inc.",2025-12-26,,45500.0,,CRM-OPP-2025-00419,Sales,Nia Chiu,,n.chiu@sutherlandreagents.com,40,2026-03-31,Qualification,USD,,Rachel Ohaeri,,,,
Lead,Underhill Bio,Open,"Thornfield Life Sciences Marketing, Inc.",2025-12-27,,101500.0,,CRM-OPP-2025-00420,Sales,Chen Ustinov,,c.ustinov@underhillbio.com,60,2026-03-31,Proposal,USD,,Devon Blackthorne,,,,
Lead,Verona Assays,Open,"Thornfield Life Sciences Marketing, Inc.",2025-12-27,,48500.0,,CRM-OPP-2025-00421,Sales,Oscar Kapoor,,o.kapoor@veronaassays.com,20,2026-03-31,Discovery,USD,,Sun-Hi Park,,,,
Lead,Yorktown Bioscience,Open,"Thornfield Life Sciences Marketing, Inc.",2025-12-29,,29000.0,,CRM-OPP-2025-00422,Sales,Zara Nowak,,z.nowak@yorktownbio.com,20,2026-03-31,Discovery,USD,,Erik Vaskovic,,,,
Lead,Zephyr Genomics,Open,"Thornfield Life Sciences Marketing, Inc.",2025-12-29,,41000.0,,CRM-OPP-2025-00423,Sales,Priya Al-Sayed,,p.al-sayed@zephyrgx.com,40,2026-03-31,Qualification,USD,,Marisol Aguirre,,,,
Lead,Bosworth BioScience,Open,"Thornfield Life Sciences Marketing, Inc.",2025-12-30,,93000.0,,CRM-OPP-2025-00424,Sales,Mikhail Yilmaz,,m.yilmaz@bosworthbio.com,60,2026-03-31,Proposal,USD,,Tomasz Bergstrom,,,,
Lead,Colvin Reagents,Open,"Thornfield Life Sciences Marketing, Inc.",2025-12-30,,66500.0,,CRM-OPP-2025-00425,Sales,Amir Mancini,,a.mancini@colvinreagents.com,20,2026-03-31,Discovery,USD,,Rachel Ohaeri,,,,
Lead,Deerfield Molecular,Open,"Thornfield Life Sciences Marketing, Inc.",2025-12-30,,59500.0,,CRM-OPP-2025-00426,Sales,Vera Falcon,,v.falcon@deerfieldmol.com,40,2026-03-31,Qualification,USD,,Devon Blackthorne,,,,
Lead,Fairhaven Analytical,Open,"Thornfield Life Sciences Marketing, Inc.",2025-12-31,,155500.0,,CRM-OPP-2025-00427,Sales,Boris Grondin,,b.grondin@fairhavenanalytical.com,60,2026-03-31,Proposal,USD,,Sun-Hi Park,,,,
Lead,Glenridge BioLabs,Open,"Thornfield Life Sciences Marketing, Inc.",2025-12-31,,42500.0,,CRM-OPP-2025-00428,Sales,Torsten Orozco,,t.orozco@glenridgebiolabs.com,20,2026-03-31,Discovery,USD,,Kenji Watanabe,,,,
Lead,Halewood Diagnostics,Open,"Thornfield Life Sciences Marketing, Inc.",2025-12-31,,55000.0,,CRM-OPP-2025-00429,Sales,Kenji Okafor,,k.okafor@halewooddx.com,40,2026-03-31,Qualification,USD,,Erik Vaskovic,,,,
Lead,Ivywood Assays,Open,"Thornfield Life Sciences Marketing, Inc.",2025-12-31,,36500.0,,CRM-OPP-2025-00430,Sales,Jamal Wei,,j.wei@ivywoodassays.com,20,2026-03-31,Discovery,USD,,Marisol Aguirre,,,,
